tweet_id,favorites,retweet_count
892420643555336193,36307,7727
892177421306343426,31296,5719
891815181378084864,23571,3785
891689557279858688,39600,7880
891327558926688256,37799,8508
891087950875897856,19041,2848
890971913173991426,11088,1854
890729181411237888,61157,17247
890609185150312448,26207,3925
890240255349198849,29943,6715
890006608113172480,28835,6709
889880896479866881,26210,4565
889665388333682689,45148,9154
889638837579907072,25410,4108
889531135344209921,14213,2060
889278841981685760,23670,4874
888917238123831296,27356,4115
888804989199671297,24044,3881
888554962724278272,18567,3185
888078434458587136,20462,3168
887705289381826560,28428,4922
887517139158093824,43598,10774
887473957103951883,64622,16464
887343217045368832,31635,9571
887101392804085760,28782,5452
886983233522544640,32857,7016
886736880519319552,11268,2939
886680336477933568,21119,4087
886366144734445568,19885,2895
886267009285017600,111,4
886258384151887873,26318,5776
886054160059072513,0,100
885984800019947520,30605,6142
885528943205470208,33803,5848
885518971528720385,19255,3411
885311592912609280,0,16946
885167619883638784,20595,4000
884925521741709313,72492,16564
884876753390489601,26182,5111
884562892145688576,22833,4301
884441805382717440,25460,5211
884247878851493888,68254,18606
884162670584377345,19185,2738
883838122936631299,20550,3144
883482846933004288,43072,9033
883360690899218434,21322,3388
883117836046086144,34872,6069
882992080364220416,22462,3562
882762694511734784,26584,4476
882627270321602560,26314,5564
882268110199369728,42164,10595
882045870035918850,27563,4473
881906580714921986,22883,3112
881666595344535552,47608,9776
881633300179243008,117,7
881536004380872706,46499,14617
881268444196462592,21857,4824
880935762899988482,16057,2552
880872448815771648,20016,3505
880465832366813184,26809,5695
880221127280381952,25378,3813
880095782870896641,26000,3977
879862464715927552,21038,3204
879674319642796034,297,10
879492040517615616,22089,2918
879415818425184262,99527,40678
879376492567855104,15814,2862
879130579576475649,0,6237
879050749262655488,21216,4299
879008229531029506,17876,2462
878776093423087618,18225,3750
878604707211726852,28364,6524
878404777348136964,0,1179
878316110768087041,0,6113
878281511006478336,7287,1179
878057613040115712,39655,6237
877736472329191424,74645,17392
877611172832227328,0,73
877556246731214848,21393,3495
877316821321428993,25801,4776
877201837425926144,25527,5124
876838120628539392,19493,3062
876537666061221889,22273,4306
876484053909872640,17701,2180
876120275196170240,26387,4293
875747767867523072,23721,3925
875144289856114688,20665,4514
875097192612077568,25885,5596
875021211251597312,24050,4347
874680097055178752,26227,4263
874434818259525634,0,13383
874296783580663808,24595,3782
874057562936811520,21450,3670
874012996292530176,32397,9457
873580283840344065,22880,3626
873337748698140672,0,1473
873213775632977920,6777,1473
872967104147763200,25806,5006
872820683541237760,13936,3437
872620804844003328,19594,3370
872486979161796608,38567,8350
872122724285648897,32505,7487
871879754684805121,35596,10181
871762521631449091,19162,3235
871515927908634625,19121,3226
871166179821445120,0,5291
871102520638267392,19839,5117
871032628920680449,21569,3552
870804317367881728,31897,5747
870726314365509632,115,3
870656317836468226,11733,2454
870374049280663552,78747,24604
870308999962521604,20814,3865
870063196459192321,34690,7740
869772420881756160,40403,9406
869702957897576449,26859,5874
869596645499047938,15187,2910
869227993411051520,19418,3527
868880397819494401,62242,13468
868639477480148993,0,1937
868622495443632128,25408,4952
868552278524837888,9602,1937
867900495410671616,23057,3908
867774946302451713,32390,6879
867421006826221569,15339,2332
867072653475098625,0,112
867051520902168576,30740,7384
866720684873056260,19124,4495
866686824827068416,18419,3274
866450705531457537,116705,33061
866334964761202691,50086,13383
866094527597207552,0,7870
865718153858494464,24528,5284
865359393868664832,25331,4709
865006731092295680,26798,7241
864873206498414592,30898,8183
864279568663928832,13965,2844
864197398364647424,28748,8338
863907417377173506,19737,3904
863553081350529029,14633,3952
863471782782697472,0,2293
863432100342583297,22814,4950
863427515083354112,2120,91
863079547188785154,8433,1048
863062471531167744,8125,2293
862831371563274240,18426,4864
862722525377298433,16418,3344
862457590147678208,19647,4666
862096992088072192,71312,21918
861383897657036800,34699,10148
861288531465048066,16505,3922
861005113778896900,16070,3618
860981674716409858,0,2038
860924035999428608,0,761
860563773140209665,7211,2038
860524505164394496,22758,5047
860276583193509888,17707,3331
860184849394610176,16086,5562
860177593139703809,0,29424
859924526012018688,18879,3903
859851578198683649,14876,3342
859607811541651456,17963,1489
859196978902773760,86647,28734
859074603037188101,32661,13006
858860390427611136,0,7749
858843525470990336,15060,3327
858471635011153920,20798,4641
858107933456039936,15242,2779
857989990357356544,15578,2483
857746408056729600,33176,10178
857393404942143489,5710,1572
857263160327368704,19437,4331
857214891891077121,219,17
857062103051644929,0,164
857029823797047296,18302,3828
856543823941562368,15852,2774
856526610513747968,11533,1804
856330835276025856,0,646
856288084350160898,501,15
856282028240666624,26972,6056
855862651834028034,330,25
855860136149123072,4787,941
855857698524602368,11553,2040
855851453814013952,44506,17393
855818117272018944,25972,5241
855459453768019968,29066,7943
855245323840757760,0,5769
855138241867124737,0,43
854732716440526848,22218,5878
854482394044301312,28630,6667
854365224396361728,18456,4546
854120357044912130,31282,7258
854010172552949760,15894,3061
853760880890318849,27986,5581
853639147608842240,33979,9779
853299958564483072,15187,3462
852936405516943360,0,1945
852912242202992640,8872,1770
852672615818899456,14643,2105
852553447878664193,16016,3388
852311364735569921,32579,9721
852226086759018497,19634,6688
852189679701164033,11275,1554
851861385021730816,0,19
851591660324737024,16030,3407
851464819735769094,23895,6910
851224888060895234,20384,5624
850753642995093505,30372,8971
850380195714523136,12920,2565
850333567704068097,3410,322
850145622816686080,16118,3726
850019790995546112,20159,4791
849776966551130114,30079,7477
849668094696017920,0,4878
849412302885593088,15693,3109
849336543269576704,11298,1871
849051919805034497,41876,8350
848690551926992896,24936,4254
848324959059550208,24460,4544
848213670039564288,8097,722
848212111729840128,16170,3000
847978865427394560,0,3216
847971574464610304,0,426
847962785489326080,23289,5017
847842811428974592,5396,1316
847617282490613760,6934,410
847606175596138505,18613,3385
847251039262605312,20341,4264
847157206088847362,19735,5781
847116187444137987,21317,3143
846874817362120707,19949,3886
846514051647705089,44309,11441
846505985330044928,14015,3041
846153765933735936,31415,8959
846139713627017216,30855,9918
846042936437604353,15887,2835
845812042753855489,29058,8624
845677943972139009,25053,4751
845397057150107648,7604,1790
845306882940190720,23223,5347
845098359547420673,0,7586
844979544864018432,13569,2539
844973813909606400,15008,3165
844580511645339650,16396,3104
844223788422217728,13598,2184
843981021012017153,15129,2927
843856843873095681,21399,4590
843604394117681152,16831,2729
843235543001513987,21460,5994
842846295480000512,15243,3623
842765311967449089,6717,1277
842535590457499648,18065,3490
842163532590374912,24417,5769
842115215311396866,13962,3020
841833993020538882,0,15044
841680585030541313,25687,7783
841439858740625411,12642,3678
841320156043304961,19789,5485
841314665196081154,15836,4643
841077006473256960,22869,5291
840761248237133825,0,1764
840728873075638272,0,16111
840698636975636481,174,2
840696689258311684,12298,973
840632337062862849,9012,1764
840370681858686976,16460,4536
840268004936019968,19282,5733
839990271299457024,13432,2276
839549326359670784,27501,7749
839290600511926273,0,144
839239871831150596,27158,6532
838952994649550848,19692,4006
838921590096166913,11184,2069
838916489579200512,0,35
838831947270979586,0,11018
838561493054533637,10964,1339
838476387338051585,22556,4777
838201503651401729,0,10076
838150277551247360,1674,332
838085839343206401,139,1
838083903487373313,17679,3142
837820167694528512,34239,7870
837482249356513284,3857,443
837471256429613056,12846,2279
837110210464448512,16124,2370
836989968035819520,12812,2294
836753516572119041,19395,4655
836677758902222849,12656,2234
836648853927522308,0,556
836397794269200385,0,27604
836380477523124226,14828,3003
836260088725786625,21406,4317
836001077879255040,19167,4282
835685285446955009,0,8169
835574547218894849,17879,3637
835536468978302976,0,1708
835309094223372289,0,21057
835297930240217089,16557,3030
835264098648616962,7778,1708
835246439529840640,2116,73
835172783151792128,26296,5796
835152434251116546,22528,3035
834931633769889797,10867,1652
834786237630337024,21456,5528
834574053763584002,13751,2556
834477809192075265,0,10714
834458053273591808,9678,1694
834209720923721728,20729,4784
834167344700198914,15924,3683
834089966724603904,10118,2151
834086379323871233,13154,2223
833863086058651648,13501,2421
833826103416520705,18161,3801
833732339549220864,0,222
833722901757046785,20944,3245
833479644947025920,14938,2062
833124694597443584,20333,4878
832998151111966721,13356,2218
832769181346996225,0,39
832757312314028032,16975,3654
832682457690300417,11979,2940
832645525019123713,2955,535
832636094638288896,15969,2814
832397543355072512,12049,2234
832369877331693569,17312,3216
832273440279240704,11432,2356
832215909146226688,0,6253
832215726631055365,0,9410
832088576586297345,63,2
832040443403784192,0,9705
832032802820481025,18014,4700
831939777352105988,24209,6192
831926988323639298,339,34
831911600680497154,27829,6563
831670449226514432,10539,1841
831650051525054464,7216,1945
831552930092285952,9051,2333
831322785565769729,9356,1564
831315979191906304,6600,1133
831309418084069378,11852,2484
831262627380748289,12015,2066
830956169170665475,8051,1512
830583320585068544,67437,16946
830173239259324417,0,5742
830097400375152640,9893,2981
829878982036299777,0,5082
829861396166877184,12335,1973
829501995190984704,32069,10714
829449946868879360,10554,2047
829141528400556032,24639,7437
829011960981237760,53618,16474
828801551087042563,0,3452
828770345708580865,25830,5934
828708714936930305,36869,11305
828650029636317184,9613,1365
828409743546925057,6416,1178
828408677031882754,7753,1305
828381636999917570,12717,2238
828376505180889089,7456,1086
828372645993398273,12680,2978
828361771580813312,2218,173
828046555563323392,11890,2910
828011680017821696,10460,2170
827933404142436356,20323,5310
827653905312006145,15669,3053
827600520311402496,7523,955
827324948884643840,16037,3098
827199976799354881,10696,2252
826958653328592898,21832,5082
826848821049180160,36796,10306
826615380357632002,0,4035
826598799820865537,5172,257
826598365270007810,10164,2377
826476773533745153,18635,4252
826240494070030336,13456,2643
826204788643753985,4936,937
826115272272650244,15848,3180
825876512159186944,10601,1898
825829644528148480,12884,2522
825535076884762624,57485,17764
825147591692263424,18539,4602
825120256414846976,0,1281
825026590719483904,6391,1281
824796380199809024,0,5576
824775126675836928,15137,3573
824663926340194305,10228,1769
824325613288833024,11979,10667
824297048279236611,15266,3931
824025158776213504,4884,605
823939628516474880,10764,2750
823719002937630720,0,11373
823699002998870016,14174,2557
823581115634085888,13215,2666
823333489516937216,709,25
823322678127919110,15955,4093
823269594223824897,0,10052
822975315408461824,17541,3509
822872901745569793,133425,43991
822859134160621569,13475,2322
822647212903690241,0,6516
822610361945911296,15034,3009
822489057087389700,18425,6516
822462944365645825,28483,14581
822244816520155136,35473,10052
822163064745328640,0,4861
821886076407029760,11493,2352
821813639212650496,0,3411
821765923262631936,8547,1685
821522889702862852,8159,1798
821421320206483457,0,5698
821407182352777218,11967,4425
821153421864615936,260,10
821149554670182400,8783,2028
821107785811234820,9744,2172
821044531881721856,12852,2323
820837357901512704,0,6857
820749716845686786,32066,10076
820690176645140481,12401,3289
820494788566847489,0,573
820446719150292993,0,2618
820314633777061888,3398,573
820078625395449857,20132,6405
820013781606658049,0,1201
819952236453363712,5415,1201
819924195358416896,13096,4957
819711362133872643,13611,3170
819588359383371776,9802,2028
819347104292290561,7338,1231
819238181065359361,2316,414
819227688460238848,23459,6857
819015337530290176,0,37549
819015331746349057,0,19306
819006400881917954,46012,19306
819004803107983360,88308,37549
818646164899774465,0,21421
818627210458333184,22781,7683
818614493328580609,10014,2615
818588835076603904,0,6275
818536468981415936,11087,2516
818307523543449600,0,8259
818259473185828864,11222,2318
818145370475810820,12507,2618
817908911860748288,4944,821
817827839487737858,52621,27604
817777686764523521,10929,2745
817536400337801217,11969,3028
817502432452313088,0,3468
817423860136083457,34497,15044
817415592588222464,5707,972
817181837579653120,0,8643
817171292965273600,8929,2066
817120970343411712,12432,2655
817056546584727552,8747,1679
816829038950027264,0,4807
816816676327063552,10210,2079
816697700272001025,9989,2239
816450570814898180,31036,8259
816336735214911488,8774,1985
816091915477250048,9091,2187
816062466425819140,0,1049
816014286006976512,0,5394
815990720817401858,5058,1049
815966073409433600,22832,8643
815745968457060357,0,4231
815736392542261248,10040,2321
815639385530101762,8375,1681
815390420867969024,10571,3890
814986499976527872,7796,1304
814638523311648768,11487,2762
814578408554463233,0,5961
814530161257443328,8823,1904
814153002265309185,29377,8881
813944609378369540,0,3254
813910438903693312,9482,1910
813812741911748608,37150,14302
813800681631023104,8487,1806
813217897535406080,19015,7464
813202720496779264,9426,1848
813187593374461952,20299,4467
813172488309972993,9462,1972
813157409116065792,7934,2268
813142292504645637,8648,2438
813130366689148928,4571,457
813127251579564032,12096,3205
813112105746448384,10534,2806
813096984823349248,10781,3700
813081950185472002,10100,2837
813066809284972545,8129,2001
813051746834595840,21421,7537
812781120811126785,7740,1952
812709060537683968,6759,1465
812503143955202048,6202,1251
812466873996607488,8141,1982
812372279581671427,13958,3752
811985624773361665,7418,1437
811744202451197953,7708,1637
811647686436880384,5732,760
811627233043480576,13053,3159
811386762094317568,21399,6542
810984652412424192,5454,1471
810896069567610880,9226,1811
810657578271330305,11215,2719
810284430598270976,36073,11591
810254108431155201,15034,3452
809920764300447744,15870,4035
809808892968534016,0,5022
809448704142938112,7095,1500
809220051211603969,20369,5742
809084759137812480,13541,3615
808838249661788160,10341,3124
808733504066486276,8084,2220
808501579447930884,11554,2674
808344865868283904,43553,21421
808134635716833280,0,6089
808106460588765185,8991,2260
808001312164028416,12816,3620
807621403335917568,14902,3725
807106840509214720,121002,56943
807059379405148160,0,7533
807010152071229440,13363,3956
806629075125202948,76458,35611
806620845233815552,0,5677
806576416489959424,5004,1994
806542213899489280,10456,2415
806242860592926720,0,11940
806219024703037440,6583,1221
805958939288408065,0,5505
805932879469572096,8470,1967
805826884734976000,6717,1879
805823200554876929,0,8247
805520635690676224,5881,1706
805487436403003392,8992,2584
805207613751304193,8007,1758
804738756058218496,14013,3921
804475857670639616,6282,2066
804413760345620481,0,3319
804026241225523202,45518,16585
803773340896923648,10296,2820
803692223237865472,0,7622
803638050916102144,11209,4249
803380650405482500,7956,1912
803321560782307329,0,5465
803276597545603072,10264,2523
802952499103731712,9235,2063
802624713319034886,0,2984
802600418706604034,7271,1509
802572683846291456,9139,2578
802323869084381190,16597,5989
802265048156610565,6927,1413
802239329049477120,9294,2693
802185808107208704,0,279
801958328846974976,7926,1755
801854953262350336,1819,243
801538201127157760,8414,2117
801285448605831168,6198,845
801167903437357056,25051,6089
801127390143516673,0,4054
801115127852503040,8274,2160
800859414831898624,699,98
800855607700029440,0,1656
800751577355128832,10801,2868
800513324630806528,13447,3067
800459316964663297,9724,2230
800443802682937345,0,4424
800388270626521089,11419,2882
800188575492947969,0,4048
800141422401830912,15656,2618
800018252395122689,29046,13522
799774291445383169,0,4818
799757965289017345,8590,2218
799422933579902976,8246,1973
799308762079035393,0,5621
799297110730567681,10134,2837
799063482566066176,8260,2525
798933969379225600,13404,4593
798925684722855936,7665,1479
798705661114773508,0,6826
798701998996647937,0,8003
798697898615730177,0,6677
798694562394996736,0,5090
798686750113755136,0,2396
798682547630837760,0,4844
798673117451325440,0,5691
798665375516884993,0,4016
798644042770751489,0,1906
798628517273620480,0,2026
798585098161549313,0,5873
798576900688019456,0,6004
798340744599797760,0,3444
798209839306514432,10670,2624
797971864723324932,11885,3192
797545162159308800,14891,4999
797236660651966464,20415,6768
797165961484890113,229,26
796904159865868288,0,9159
796865951799083009,7873,1963
796759840936919040,12122,3128
796563435802726400,0,7460
796484825502875648,7759,1808
796387464403357696,11267,4267
796177847564038144,0,14672
796149749086875649,33023,14672
796125600683540480,5082,1857
796116448414461957,9325,2481
796080075804475393,8660,2378
796031486298386433,11064,3811
795464331001561088,50838,24308
795400264262053889,10297,2954
795076730285391872,16587,5576
794983741416415232,0,3465
794926597468000259,10494,2372
794355576146903043,0,10588
794332329137291264,9808,2742
794205286408003585,9433,3403
793962221541933056,17230,5022
793845145112371200,9449,1921
793614319594401792,0,3219
793601777308463104,8168,1671
793500921481273345,10924,2437
793286476301799424,25192,9410
793271401113350145,8914,2457
793256262322548741,20460,8575
793241302385262592,10760,3383
793226087023144960,10073,2945
793210959003287553,9133,2871
793195938047070209,15647,5786
793180763617361921,7103,2059
793165685325201412,9644,2859
793150605191548928,6335,1743
793135492858580992,6597,2556
793120401413079041,12990,4024
792913359805018113,14666,4079
792883833364439040,11575,4381
792773781206999040,7516,1725
792394556390137856,13775,4405
792050063153438720,7326,1851
791821351946420224,0,21654
791784077045166082,0,9851
791780927877898241,0,3920
791774931465953280,46166,22811
791672322847637504,12028,3219
791406955684368384,13443,4231
791312159183634433,8981,2606
791026214425268224,0,4206
790987426131050500,10063,2186
790946055508652032,17042,4807
790723298204217344,0,2371
790698755171364864,8415,1978
790581949425475584,21131,7353
790337589677002753,8013,1925
790277117346975746,12848,3254
790227638568808452,0,3661
789986466051088384,9472,2371
789960241177853952,0,4225
789903600034189313,10598,4232
789628658055020548,7669,1820
789599242079838210,6913,1975
789530877013393408,12002,3465
789314372632018944,8848,2357
789280767834746880,0,5077
789268448748703744,9317,2673
789137962068021249,9942,2874
788908386943430656,28040,12771
788765914992902144,27969,10588
788552643979468800,0,7361
788412144018661376,15910,5403
788178268662984705,7386,2146
788150585577050112,6258,1320
788070120937619456,0,3517
788039637453406209,6261,1353
787810552592695296,8832,3131
787717603741622272,10478,2854
787397959788929025,11114,2909
787322443945877504,7960,1785
787111942498508800,0,6905
786963064373534720,27193,8169
786729988674449408,0,2476
786709082849828864,18655,6253
786664955043049472,10839,2619
786595970293370880,9631,3188
786363235746385920,11129,3594
786286427768250368,8141,2914
786233965241827333,15587,4861
786051337297522688,1457,158
786036967502913536,0,7195
785927819176054784,11627,3259
785872687017132033,6836,1863
785639753186217984,7998,2286
785533386513321988,9301,2040
785515384317313025,6237,1288
785264754247995392,7400,1679
785170936622350336,12292,4946
784826020293709826,10327,3319
784517518371221505,9150,2593
784431430411685888,5814,1302
784183165795655680,20505,8247
784057939640352768,30367,11373
783839966405230592,30618,11018
783821107061198850,7503,2015
783695101801398276,10668,3284
783466772167098368,8627,2298
783391753726550016,17218,5611
783347506784731136,0,5669
783334639985389568,29733,11940
783085703974514689,8312,2245
782969140009107456,24601,7533
782747134529531904,7626,1438
782722598790725632,17613,5505
782598640137187329,7954,1914
782305867769217024,16969,5698
782021823840026624,0,6344
781955203444699136,11340,3444
781661882474196992,10632,2776
781655249211752448,4072,1146
781524693396357120,21122,5677
781308096455073793,7277,2599
781251288990355457,8585,2121
781163403222056960,9996,2793
780931614150983680,22038,7460
780858289093574656,7318,2048
780800785462489090,5596,1326
780601303617732608,12331,3411
780543529827336192,6427,1776
780496263422808064,0,3778
780476555013349377,0,116
780459368902959104,5393,1099
780192070812196864,8859,2294
780092040432480260,0,2342
780074436359819264,12424,5069
779834332596887552,19254,7195
779377524342161408,8965,3172
779124354206535695,0,18691
779056095788752897,15032,4610
778990705243029504,20328,7359
778774459159379968,0,10097
778764940568104960,884,367
778748913645780993,7018,1339
778650543019483137,5870,1533
778624900596654080,4718,1027
778408200802557953,13848,4418
778396591732486144,0,12479
778383385161035776,5945,1123
778286810187399168,10557,3359
778039087836069888,8642,2693
778027034220126208,6664,1647
777953400541634568,0,3593
777885040357281792,6460,1653
777684233540206592,11423,2984
777641927919427584,0,4311
777621514455814149,8901,2544
777189768882946048,14513,4377
776819012571455488,0,13945
776813020089548800,4956,1234
776477788987613185,8979,2834
776249906839351296,0,9307
776218204058357768,30399,16153
776201521193218049,9785,2552
776113305656188928,11968,4424
776088319444877312,1873,153
775898661951791106,0,16833
775842724423557120,11908,2701
775733305207554048,14081,4054
775729183532220416,13177,4667
775364825476165632,7510,3019
775350846108426240,10315,3966
775085132600442880,15790,4818
774757898236878852,8726,1820
774639387460112384,6844,1756
774314403806253056,22108,5621
773985732834758656,10903,3941
773922284943896577,6494,1777
773704687002451968,6702,1657
773670353721753600,5425,1335
773547596996571136,22438,6275
773336787167145985,0,5166
773308824254029826,23656,7586
773247561583001600,9591,3296
773191612633579521,10137,4213
772877495989305348,8708,3941
772826264096874500,8182,2388
772615324260794368,0,3436
772581559778025472,6601,1721
772193107915964416,6131,1415
772152991789019136,3858,1149
772117678702071809,3827,751
772114945936949249,2765,474
772102971039580160,4059,953
771908950375665664,6677,1934
771770456517009408,12177,3444
771500966810099713,8376,2648
771380798096281600,10632,5166
771171053431250945,0,7600
771136648247640064,9272,2972
771102124360998913,6329,1461
771014301343748096,6983,1681
770787852854652928,4998,1217
770772759874076672,5254,1436
770655142660169732,7437,1795
770414278348247044,6404,2130
770293558247038976,6327,1504
770093767776997377,0,3101
770069151037685760,7691,2328
769940425801170949,31782,9705
769695466921623552,6493,1697
769335591808995329,0,7834
769212283578875904,5472,1751
768970937022709760,14560,6603
768909767477751808,0,2716
768855141948723200,4258,901
768609597686943744,4176,1221
768596291618299904,5103,1298
768554158521745409,0,5915
768473857036525572,13798,3477
768193404517830656,11011,3593
767884188863397888,4802,1403
767754930266464257,16212,5465
767500508068192258,7586,2373
767191397493538821,12436,3817
767122157629476866,10288,2898
766864461642756096,0,5714
766793450729734144,5136,1371
766714921925144576,2636,383
766693177336135680,4067,810
766423258543644672,6061,1610
766313316352462849,6875,1912
766078092750233600,0,2663
766069199026450432,4281,864
766008592277377025,3789,502
765719909049503744,7310,2177
765669560888528897,5244,1241
765395769549590528,26882,3419
765371061932261376,7145,2193
765222098633691136,11751,3436
764857477905154048,6518,1794
764259802650378240,6088,1520
763956972077010945,763,56
763837565564780549,12737,4206
763183847194451968,5434,1489
763167063695355904,0,3061
763103485927849985,7441,2320
762699858130116608,12272,3661
762471784394268675,11339,6499
762464539388485633,10403,4225
762316489655476224,4851,1134
762035686371364864,32224,15717
761976711479193600,5469,2033
761750502866649088,0,3964
761745352076779520,4309,874
761672994376806400,49999,29424
761599872357261312,4172,1200
761371037149827077,0,18260
761334018830917632,5245,1465
761292947749015552,4531,1095
761227390836215808,5371,1584
761004547850530816,11442,3517
760893934457552897,3851,988
760656994973933572,6648,1931
760641137271070720,5021,1315
760539183865880579,7645,3666
760521673607086080,4266,1401
760290219849637889,27075,11632
760252756032651264,3972,877
760190180481531904,5748,1824
760153949710192640,0,31
759943073749200896,6001,2097
759923798737051648,14802,5714
759846353224826880,6784,2002
759793422261743616,6022,1937
759557299618865152,4743,1198
759447681597108224,8562,2476
759446261539934208,1689,494
759197388317847553,6128,1967
759159934323924993,0,1167
759099523532779520,14648,4213
759047813560868866,6552,2044
758854675097526272,3589,907
758828659922702336,11322,3873
758740312047005698,5788,1626
758474966123810816,3845,1014
758467244762497024,4833,2240
758405701903519748,5244,1930
758355060040593408,3434,1090
758099635764359168,19254,10097
758041019896193024,2728,380
757741869644341248,6940,3283
757729163776290825,0,8025
757725642876129280,4582,1224
757611664640446465,4603,1115
757597904299253760,0,301
757596066325864448,4370,1069
757400162377592832,15279,6922
757393109802180609,5870,1753
757354760399941633,4557,1435
756998049151549440,6346,2002
756939218950160384,6711,2027
756651752796094464,5113,1318
756526248105566208,10506,3617
756303284449767430,3975,1104
756288534030475264,43130,17616
756275833623502848,6475,1547
755955933503782912,7392,2905
755206590534418437,16582,5405
755110668769038337,21383,11196
754874841593970688,0,7990
754856583969079297,6952,2548
754747087846248448,2606,526
754482103782404096,5344,1969
754449512966619136,3784,736
754120377874386944,7938,2377
753655901052166144,5878,2185
753420520834629632,7974,3599
753398408988139520,5806,1921
753375668877008896,7711,2342
753298634498793472,0,5748
753294487569522689,3401,1052
753039830821511168,37385,21057
753026973505581056,3945,976
752932432744185856,12726,6905
752917284578922496,6972,1593
752701944171524096,0,2894
752682090207055872,6042,1605
752660715232722944,4407,1569
752568224206688256,5547,2301
752519690950500352,7420,3463
752334515931054080,3842,1100
752309394570878976,0,16382
752173152931807232,6007,1853
751950017322246144,3087,929
751937170840121344,5231,1345
751830394383790080,5844,1964
751793661361422336,5874,2922
751598357617971201,7978,3061
751583847268179968,4424,1115
751538714308972544,5067,1272
751456908746354688,3241,1010
751251247299190784,12601,5922
751205363882532864,6364,1831
751132876104687617,5104,1306
750868782890057730,4825,1374
750719632563142656,13263,5077
750506206503038976,4468,1149
750429297815552001,13248,4311
750383411068534784,4588,1155
750381685133418496,702,27
750147208377409536,3125,967
750132105863102464,3638,1301
750117059602808832,4360,1320
750101899009982464,3059,850
750086836815486976,2179,538
750071704093859840,7873,3359
750056684286914561,3176,900
750041628174217216,3203,623
750026558547456000,2734,794
750011400160841729,3262,909
749996283729883136,3085,823
749981277374128128,5153,2480
749774190421639168,4680,1321
749417653287129088,6143,1651
749403093750648834,2637,537
749395845976588288,8609,3458
749317047558017024,5529,2244
749075273010798592,5775,2081
749064354620928000,4830,1532
749036806121881602,3109,797
748977405889503236,10825,3407
748932637671223296,5849,2266
748705597323898880,2793,952
748699167502000129,4769,1595
748692773788876800,4270,1337
748575535303884801,6106,1984
748568946752774144,2204,670
748346686624440324,5242,1228
748337862848962560,7674,4127
748324050481647620,3690,763
748307329658011649,3685,714
748220828303695873,14202,7830
747963614829678593,5798,2150
747933425676525569,6622,2550
747885874273214464,2958,978
747844099428986880,2830,750
747816857231626240,4873,1169
747651430853525504,1395,156
747648653817413632,12954,5880
747600769478692864,2336,555
747594051852075008,3692,1058
747512671126323200,5567,1616
747461612269887489,3886,1044
747439450712596480,5447,1921
747242308580548608,0,2909
747219827526344708,5279,1578
747204161125646336,3382,926
747103485104099331,9594,3970
746906459439529985,2904,298
746872823977771008,6000,2136
746818907684614144,5332,1743
746790600704425984,4892,1608
746757706116112384,9589,3920
746726898085036033,6068,1802
746542875601690625,5049,1882
746521445350707200,0,985
746507379341139972,4670,1084
746369468511756288,6196,1634
746131877086527488,6925,2209
746056683365994496,3561,812
745789745784041472,4042,1068
745712589599014916,7023,2337
745433870967832576,7096,2541
745422732645535745,8594,2441
745314880350101504,7202,2756
745074613265149952,7859,3514
745057283344719872,7265,2270
744995568523612160,2971,623
744971049620602880,7897,2697
744709971296780288,5623,1564
744334592493166593,6798,2118
744234799360020481,156720,78098
744223424764059648,1672,367
743980027717509120,4183,1095
743895849529389061,3649,962
743835915802583040,0,2083
743609206067040256,4485,1383
743595368194129920,18414,6548
743545585370791937,3531,940
743510151680958465,7926,3727
743253157753532416,4237,1227
743222593470234624,6224,1904
743210557239623680,3841,1367
742534281772302336,7072,3578
742528092657332225,4423,1979
742465774154047488,7265,3903
742423170473463808,9832,3778
742385895052087300,6814,1973
742161199639494656,4344,1378
742150209887731712,5137,1552
741793263812808706,4544,1511
741743634094141440,8182,2756
741438259667034112,3680,838
741303864243200000,8784,3206
741099773336379392,10003,5520
741067306818797568,9510,3101
740995100998766593,6373,2747
740711788199743490,3402,938
740699697422163968,2852,786
740676976021798912,18174,6826
740373189193256964,34960,13315
740365076218183684,2456,431
740359016048689152,3300,869
740214038584557568,6689,1964
739979191639244800,19971,5915
739932936087216128,4057,1071
739844404073074688,3806,854
739623569819336705,3769,1351
739606147276148736,5379,1658
739544079319588864,39529,21246
739485634323156992,7158,2922
739238157791694849,115684,57885
738891149612572673,111,6
738885046782832640,3772,1142
738883359779196928,3303,792
738537504001953792,5085,1543
738402415918125056,3247,839
738184450748633089,4317,1205
738166403467907072,8766,3353
738156290900254721,2508,643
737826014890496000,5271,1766
737800304142471168,9980,3450
737678689543020544,5035,1317
737445876994609152,10251,4455
737322739594330112,3596,811
737310737551491075,14659,7416
736736130620620800,4258,1732
736392552031657984,17671,7361
736365877722001409,3969,1243
736225175608430592,8123,2778
736010884653420544,7880,2984
735991953473572864,3586,1150
735648611367784448,4020,1102
735635087207878657,6158,2341
735274964362878976,12996,5024
735256018284875776,3325,881
735137028879360001,3128,967
734912297295085568,2745,524
734787690684657664,12517,6264
734776360183431168,2503,543
734559631394082816,1485,395
733828123016450049,3569,781
733822306246479872,3670,1019
733482008106668032,3136,952
733460102733135873,4189,1279
733109485275860992,50101,16833
732732193018155009,2433,536
732726085725589504,3539,887
732585889486888962,3651,777
732375214819057664,8059,2507
732005617171337216,14862,5394
731285275100512256,3484,986
731156023742988288,3834,1263
730924654643314689,6123,1965
730573383004487680,4891,2125
730427201120833536,3479,1048
730211855403241472,3804,1058
730196704625098752,4843,1898
729854734790754305,4014,1124
729838605770891264,1724,381
729823566028484608,3962,1240
729463711119904772,5780,2310
729113531270991872,1877,323
728986383096946689,3133,819
728760639972315136,4668,1693
728751179681943552,2762,677
728653952833728512,3302,1027
728409960103686147,4894,1996
728387165835677696,3683,956
728046963732717569,4288,1194
728035342121635841,4553,1656
728015554473250816,4099,1100
727685679342333952,2948,637
727644517743104000,5868,1741
727524757080539137,4460,1216
727314416056803329,3326,740
727286334147182592,3040,807
727175381690781696,3895,1377
727155742655025152,3613,1327
726935089318363137,6855,2450
726887082820554753,3829,1515
726828223124897792,3553,1000
726224900189511680,4413,1141
725842289046749185,7060,2663
725786712245440512,4151,1364
725729321944506368,5194,1774
725458796924002305,1403,612
724983749226668032,3716,1306
724771698126512129,2342,636
724405726123311104,5257,1639
724049859469295616,4305,1767
724046343203856385,2648,554
724004602748780546,4163,1543
723912936180330496,3868,1230
723688335806480385,7643,2930
723673163800948736,3003,883
723179728551723008,5281,1858
722974582966214656,4077,1556
722613351520608256,4948,1628
721503162398597120,4601,1840
721001180231503872,2514,607
720785406564900865,3101,762
720775346191278080,2455,661
720415127506415616,4111,1493
720389942216527872,6345,2492
720340705894408192,2862,973
720059472081784833,3852,1111
720043174954147842,4884,1999
719991154352222208,4816,1731
719704490224398336,4524,1424
719551379208073216,5041,1900
719367763014393856,2791,739
719339463458033665,4410,1229
719332531645071360,3415,946
718971898235854848,3473,1071
718939241951195136,5232,1749
718631497683582976,18775,8003
718613305783398402,2423,478
718540630683709445,2444,1012
718460005985447936,2685,521
718454725339934721,4838,1502
718246886998687744,1915,501
718234618122661888,3848,990
717841801130979328,2458,603
717790033953034240,2872,1107
717537687239008257,5759,1846
717428917016076293,1611,450
717421804990701568,3149,843
717047459982213120,6270,1923
717009362452090881,3244,960
716802964044845056,4260,1165
716791146589110272,8106,1568
716730379797970944,1230,424
716447146686459905,13012,5838
716439118184652801,2367,207
716285507865542656,2755,1053
716080869887381504,6719,1897
715928423106027520,3180,876
715758151270801409,3703,1431
715733265223708672,4634,1679
715704790270025728,2788,563
715696743237730304,3898,1283
715680795826982913,4284,1608
715360349751484417,5448,1561
715342466308784130,3028,688
715220193576927233,2415,647
715200624753819648,5120,1876
715009755312439296,4149,1222
714982300363173890,3714,1030
714962719905021952,7322,4246
714957620017307648,4112,1403
714631576617938945,3271,994
714606013974974464,3621,925
714485234495041536,2676,1123
714258258790387713,3023,715
714251586676113411,3267,830
714214115368108032,2267,869
714141408463036416,4298,1394
713919462244790272,3279,784
713909862279876608,1898,534
713900603437621249,2825,738
713761197720473600,4848,1373
713411074226274305,4423,1292
713177543487135744,7195,2819
713175907180089344,4439,1468
712809025985978368,18484,6677
712717840512598017,12299,4963
712668654853337088,4162,1210
712438159032893441,5309,1558
712309440758808576,242,25
712097430750289920,3769,1024
712092745624633345,2930,883
712085617388212225,3258,484
712065007010385924,2256,619
711998809858043904,0,125
711968124745228288,8037,2291
711743778164514816,2831,977
711732680602345472,8805,4096
711694788429553666,32765,18260
711652651650457602,3838,909
711363825979756544,3638,1133
711306686208872448,3299,732
711008018775851008,2988,611
710997087345876993,4550,1378
710844581445812225,2534,687
710833117892898816,2672,533
710658690886586372,2307,555
710609963652087808,4779,2374
710588934686908417,4519,1860
710296729921429505,2368,733
710283270106132480,2140,517
710272297844797440,4518,1242
710269109699739648,2388,1116
710153181850935296,2894,882
710140971284037632,2748,874
710117014656950272,5471,1987
709918798883774466,3471,1078
709901256215666688,666,99
709852847387627521,3515,1198
709566166965075968,3543,1204
709556954897764353,3287,1067
709519240576036864,1490,236
709449600415961088,2218,567
709409458133323776,2612,683
709225125749587968,2399,571
709207347839836162,12522,5784
709198395643068416,2420,641
709179584944730112,1996,665
709158332880297985,2026,411
709042156699303936,4731,1628
708853462201716736,1792,657
708845821941387268,2981,897
708834316713893888,1678,496
708810915978854401,16443,6906
708738143638450176,2737,806
708711088997666817,2531,717
708479650088034305,2537,677
708469915515297792,3088,809
708400866336894977,15954,10050
708356463048204288,3572,1315
708349470027751425,2337,737
708149363256774660,4269,1546
708130923141795840,3372,848
708119489313951744,2682,977
708109389455101952,1939,547
708026248782585858,4380,1924
707995814724026368,3121,1120
707983188426153984,49,2
707969809498152960,2696,961
707776935007539200,3277,953
707741517457260545,2480,613
707738799544082433,4067,2456
707693576495472641,3401,992
707629649552134146,2564,875
707610948723478529,16943,6344
707420581654872064,2273,696
707411934438625280,2298,597
707387676719185920,3488,1285
707377100785885184,3273,1088
707315916783140866,2465,637
707297311098011648,2765,782
707059547140169728,2590,669
707038192327901184,2176,790
707021089608753152,4070,1356
707014260413456384,2307,596
706904523814649856,14549,7834
706901761596989440,2055,591
706681918348251136,3297,971
706644897839910912,2566,1088
706593038911545345,2146,630
706538006853918722,3466,1423
706516534877929472,3097,1029
706346369204748288,3445,925
706310011488698368,21277,7899
706291001778950144,1689,475
706265994973601792,2729,932
706169069255446529,3898,2205
706166467411222528,5157,1597
706153300320784384,1482,383
705975130514706432,3095,731
705970349788291072,3160,892
705898680587526145,2361,549
705786532653883392,1930,517
705591895322394625,3154,1150
705475953783398401,2953,912
705442520700944385,4421,1622
705428427625635840,3809,1681
705239209544720384,2999,746
705223444686888960,2580,797
705102439679201280,2140,517
705066031337840642,2178,616
704871453724954624,4268,1113
704859558691414016,2253,540
704847917308362754,5068,1524
704819833553219584,2637,989
704761120771465216,6628,2909
704499785726889984,2914,1014
704491224099647488,753,78
704480331685040129,3388,1062
704364645503647744,7996,3546
704347321748819968,1575,351
704134088924532736,1500,458
704113298707505153,1847,571
704054845121142784,2919,914
703774238772166656,1836,459
703769065844768768,3273,1141
703631701117943808,2576,678
703611486317502464,3853,1526
703425003149250560,3800,1361
703407252292673536,2444,693
703382836347330562,3507,1145
703356393781329922,1915,383
703268521220972544,1971,548
703079050210877440,7378,3077
703041949650034688,26326,12479
702932127499816960,2581,728
702899151802126337,1610,452
702684942141153280,3223,1075
702671118226825216,2200,556
702598099714314240,12217,3427
702539513671897089,2876,962
702332542343577600,3182,1546
702321140488925184,3265,1041
702276748847800320,2459,763
702217446468493312,4770,1332
701981390485725185,3453,990
701952816642965504,3842,1023
701889187134500865,3547,1387
701805642395348998,3415,1674
701601587219795968,2085,450
701570477911896070,2812,921
701545186879471618,2659,610
701214700881756160,12190,5090
700890391244103680,2210,566
700864154249383937,2592,621
700847567345688576,2456,499
700796979434098688,2438,937
700747788515020802,22810,9307
700518061187723268,2613,794
700505138482569216,2289,570
700462010979500032,4130,1785
700167517596164096,2627,733
700151421916807169,2233,673
700143752053182464,7526,2716
700062718104104960,2647,690
700029284593901568,2071,584
700002074055016451,3319,1340
699801817392291840,3064,953
699788877217865730,2228,508
699779630832685056,2745,1231
699775878809702401,1960,603
699691744225525762,10264,4608
699446877801091073,5946,2607
699434518667751424,2163,516
699423671849451520,1366,326
699413908797464576,2076,624
699370870310113280,1888,444
699323444782047232,3150,859
699088579889332224,2244,632
699079609774645248,2453,655
699072405256409088,2973,1191
699060279947165696,3760,1800
699036661657767936,2597,1198
698989035503689728,3344,972
698953797952008193,2680,899
698907974262222848,2540,625
698710712454139905,2465,680
698703483621523456,1443,379
698635131305795584,1294,338
698549713696649216,2330,623
698355670425473025,1857,449
698342080612007937,2267,951
698262614669991936,4743,1997
698195409219559425,16725,5961
698178924120031232,2806,737
697995514407682048,1516,331
697990423684476929,3284,1296
697943111201378304,2386,681
697881462549430272,3016,1178
697630435728322560,1744,541
697616773278015490,3163,1013
697596423848730625,3020,1262
697575480820686848,2034,497
697516214579523584,2055,1114
697482927769255936,2413,674
697463031882764288,3423,1398
697270446429966336,4691,1876
697259378236399616,3292,1004
697255105972801536,3032,1163
697242256848379904,2513,670
696900204696625153,3176,1019
696894894812565505,2338,676
696886256886657024,4853,1804
696877980375769088,2433,709
696754882863349760,1480,361
696744641916489729,2058,939
696713835009417216,2364,653
696518437233913856,3907,1704
696490539101908992,1216,141
696488710901260288,2532,1017
696405997980676096,3199,1156
696100768806522880,1931,653
695816827381944320,3010,1166
695794761660297217,3155,766
695767669421768709,1863,746
695629776980148225,4557,2098
695446424020918272,4389,1807
695409464418041856,8664,3569
695314793360662529,3621,1452
695095422348574720,2630,613
695074328191332352,2841,1095
695064344191721472,1601,589
695051054296211456,2660,787
694925794720792577,2692,916
694905863685980160,2745,937
694669722378485760,35768,14372
694356675654983680,1497,287
694352839993344000,2035,615
694342028726001664,1571,482
694329668942569472,2007,501
694206574471057408,4146,2032
694183373896572928,2947,924
694001791655137281,3405,1024
693993230313091072,1874,402
693942351086120961,1739,369
693647888581312512,2682,584
693644216740769793,1343,122
693642232151285760,2533,410
693629975228977152,2441,793
693622659251335168,1537,374
693590843962331137,5054,1955
693582294167244802,1648,254
693486665285931008,1780,634
693280720173801472,3340,1235
693267061318012928,2378,810
693262851218264065,2215,498
693231807727280129,2869,732
693155686491000832,7871,3205
693109034023534592,1716,612
693095443459342336,1856,461
692919143163629568,2670,754
692905862751522816,2423,865
692901601640583168,1766,601
692894228850999298,2266,807
692828166163931137,2867,881
692752401762250755,6826,3636
692568918515392513,4353,1533
692535307825213440,3174,1363
692530551048294401,1826,414
692423280028966913,1485,226
692417313023332352,9353,3468
692187005137076224,2523,819
692158366030913536,2143,789
692142790915014657,1646,394
692041934689402880,3394,1273
692017291282812928,2879,957
691820333922455552,3948,1659
691793053716221953,8125,4222
691756958957883396,2857,1001
691675652215414786,1954,508
691483041324204033,2386,563
691459709405118465,4039,1137
691444869282295808,2650,846
691416866452082688,19306,7622
691321916024623104,2556,662
691096613310316544,2955,877
691090071332753408,1714,335
690989312272396288,5892,2864
690959652130045952,3575,1249
690938899477221376,4093,1960
690932576555528194,3287,1020
690735892932222976,3780,1270
690728923253055490,2177,514
690690673629138944,2333,814
690649993829576704,1300,279
690607260360429569,294,17
690597161306841088,1951,601
690400367696297985,1887,452
690374419777196032,3243,847
690360449368465409,2669,878
690348396616552449,1508,516
690248561355657216,1669,415
690021994562220032,2793,1030
690015576308211712,2492,730
690005060500217858,3667,1686
689999384604450816,1418,370
689993469801164801,1457,449
689977555533848577,1371,446
689905486972461056,2435,699
689877686181715968,3036,1161
689835978131935233,2170,742
689661964914655233,3209,927
689659372465688576,10360,3865
689623661272240129,2227,639
689599056876867584,11647,5521
689557536375177216,2041,456
689517482558820352,3397,1426
689289219123089408,2254,942
689283819090870273,3267,1102
689280876073582592,1975,711
689275259254616065,1141,243
689255633275777024,2549,1080
689154315265683456,3071,1002
689143371370250240,2014,510
688916208532455424,2726,870
688908934925697024,2113,768
688898160958271489,2089,781
688894073864884227,2241,691
688828561667567616,1379,370
688804835492233216,962,191
688789766343622656,2212,662
688547210804498433,2598,700
688519176466644993,2314,725
688385280030670848,9288,4477
688211956440801280,2241,827
688179443353796608,2139,581
688116655151435777,2827,771
688064179421470721,1731,359
687841446767013888,5474,2511
687826841265172480,2749,1118
687818504314159109,2484,939
687807801670897665,2398,715
687732144991551489,1759,666
687704180304273409,2424,843
687664829264453632,1934,510
687494652870668288,1896,577
687480748861947905,1598,240
687476254459715584,1988,532
687460506001633280,2059,540
687399393394311168,1888,616
687317306314240000,20150,9159
687312378585812992,4359,1900
687127927494963200,5436,2269
687124485711986689,2167,504
687109925361856513,5800,2459
687102708889812993,2344,979
687096057537363968,2248,601
686947101016735744,8628,3182
686760001961103360,3517,1381
686749460672679938,3473,1451
686730991906516992,4134,1194
686683045143953408,2821,802
686618349602762752,3709,1362
686606069955735556,1885,542
686394059078897668,1737,687
686386521809772549,3258,878
686377065986265092,2212,568
686358356425093120,2182,668
686286779679375361,4003,1657
686050296934563840,2216,726
686035780142297088,1150,116
686034024800862208,3090,1142
686007916130873345,2488,412
686003207160610816,1833,625
685973236358713344,2100,523
685943807276412928,1630,593
685906723014619143,7507,2885
685681090388975616,2033,124
685667379192414208,2361,563
685663452032069632,3238,1457
685641971164143616,2940,780
685547936038666240,32933,15628
685532292383666176,3027,1157
685325112850124800,9460,3964
685321586178670592,2656,640
685315239903100929,3322,1047
685307451701334016,2071,442
685268753634967552,3102,1196
685198997565345792,2342,669
685169283572338688,4114,1428
684969860808454144,2389,368
684959798585110529,6826,3122
684940049151070208,3208,1045
684926975086034944,3492,460
684914660081053696,3511,1452
684902183876321280,1877,530
684880619965411328,2096,814
684830982659280897,35025,21654
684800227459624960,2736,1005
684594889858887680,8911,3502
684588130326986752,4114,1408
684567543613382656,3019,1212
684538444857667585,2647,947
684481074559381504,3891,1164
684460069371654144,1973,558
684241637099323392,8136,3280
684225744407494656,1231,208
684222868335505415,3823,1370
684200372118904832,2152,1034
684195085588783105,1913,511
684188786104872960,3490,1171
684177701129875456,2012,661
684147889187209216,2991,1513
684122891630342144,2013,466
684097758874210310,4117,1427
683857920510050305,3802,1123
683852578183077888,1934,345
683849932751646720,2609,965
683834909291606017,2623,1111
683828599284170753,2796,1061
683773439333797890,3346,1349
683742671509258241,6477,3301
683515932363329536,7332,2894
683498322573824003,3178,962
683481228088049664,2648,995
683462770029932544,2426,673
683449695444799489,3892,1604
683391852557561860,7629,2396
683357973142474752,2914,913
683142553609318400,2865,1042
683111407806746624,3394,911
683098815881154561,2161,658
683078886620553216,1988,562
683030066213818368,2161,737
682962037429899265,36799,16556
682808988178739200,1788,169
682788441537560576,2482,1107
682750546109968385,1518,440
682697186228989953,1317,357
682662431982772225,3058,1078
682638830361513985,2069,598
682429480204398592,3432,1154
682406705142087680,7555,1769
682393905736888321,2224,671
682389078323662849,1654,462
682303737705140231,3052,974
682259524040966145,4142,1205
682242692827447297,3250,1160
682088079302213632,18227,9851
682059653698686977,4938,1678
682047327939461121,3192,932
682032003584274432,6564,2003
682003177596559360,3130,1525
681981167097122816,2807,1029
681891461017812993,2470,815
681694085539872773,12779,4048
681679526984871937,1776,439
681654059175129088,2639,920
681610798867845120,1911,462
681579835668455424,3546,1295
681523177663676416,14269,5748
681340665377193984,1638,276
681339448655802368,9279,4077
681320187870711809,2642,740
681302363064414209,3923,1808
681297372102656000,3210,951
681281657291280384,3222,1092
681261549936340994,1456,268
681242418453299201,1487,526
681231109724700672,2408,484
681193455364796417,3690,1477
680970795137544192,2418,654
680959110691590145,4576,1998
680940246314430465,3198,1048
680934982542561280,2083,435
680913438424612864,2403,620
680889648562991104,1761,360
680836378243002368,3459,1315
680805554198020098,2149,662
680801747103793152,2376,814
680798457301471234,2845,1026
680609293079592961,2637,698
680583894916304897,3625,1327
680497766108381184,4227,1907
680494726643068929,1716,482
680473011644985345,2542,740
680440374763077632,1446,497
680221482581123072,1461,293
680206703334408192,2827,1167
680191257256136705,2141,499
680176173301628928,3877,1541
680161097740095489,2319,731
680145970311643136,3607,1736
680130881361686529,2284,938
680115823365742593,2715,902
680100725817409536,3559,1368
680085611152338944,12777,8953
680070545539371008,2576,866
679877062409191424,1983,645
679872969355714560,2178,659
679862121895714818,2446,617
679854723806179328,2843,1225
679844490799091713,2360,758
679828447187857408,36139,13945
679777920601223168,3087,1098
679736210798047232,2092,784
679729593985699840,2161,817
679722016581222400,1661,462
679530280114372609,4778,2070
679527802031484928,2625,715
679511351870550016,3349,1256
679503373272485890,3155,1459
679475951516934144,2082,634
679462823135686656,31426,18691
679405845277462528,2359,1196
679158373988876288,21186,7990
679148763231985668,2764,1019
679132435750195208,2954,1143
679111216690831360,5937,2555
679062614270468097,16861,8025
679047485189439488,2236,661
679001094530465792,2798,1214
678991772295516161,2283,1148
678969228704284672,1639,454
678800283649069056,2546,890
678798276842360832,3428,1154
678774928607469569,2792,896
678767140346941444,3496,1345
678764513869611008,1625,468
678755239630127104,7064,3250
678740035362037760,3732,1659
678708137298427904,5548,2402
678675843183484930,2838,1448
678643457146150913,2036,402
678446151570427904,3965,1524
678424312106393600,5422,2518
678410210315247616,4180,1788
678399652199309312,78553,31435
678396796259975168,1581,410
678389028614488064,1861,419
678380236862578688,2416,904
678341075375947776,1720,531
678334497360859136,1294,249
678278586130948096,11319,6017
678255464182861824,1581,361
678023323247357953,1895,375
678021115718029313,13535,6255
677961670166224897,3386,1661
677918531514703872,1338,402
677895101218201600,4782,2045
677716515794329600,3025,966
677700003327029250,3347,1423
677698403548192770,1216,316
677687604918272002,2464,841
677673981332312066,3296,1482
677662372920729601,1930,945
677644091929329666,1831,786
677573743309385728,2105,695
677565715327688705,1287,456
677557565589463040,2415,1133
677547928504967168,6858,3613
677530072887205888,1053,224
677335745548390400,3012,1753
677334615166730240,1329,281
677331501395156992,1075,233
677328882937298944,3592,1484
677314812125323265,1623,524
677301033169788928,1221,394
677269281705472000,1964,696
677228873407442944,3507,1621
677187300187611136,2710,906
676975532580409345,2741,1050
676957860086095872,2210,799
676949632774234114,1287,390
676948236477857792,2143,850
676946864479084545,1710,364
676942428000112642,2045,739
676936541936185344,12557,4844
676916996760600576,2940,1782
676897532954456065,2217,710
676864501615042560,2073,699
676821958043033607,22612,15337
676819651066732545,1789,653
676811746707918848,1402,416
676776431406465024,4925,1989
676617503762681856,2847,946
676613908052996102,1067,197
676606785097199616,1863,426
676603393314578432,1138,375
676593408224403456,4511,2124
676590572941893632,898,119
676588346097852417,2276,769
676582956622721024,1181,271
676575501977128964,2544,1099
676533798876651520,1839,545
676496375194980353,1500,523
676470639084101634,11423,4592
676440007570247681,1695,650
676430933382295552,1373,340
676263575653122048,2050,533
676237365392908289,1191,283
676219687039057920,75104,30500
676215927814406144,1714,562
676191832485810177,2239,1011
676146341966438401,1879,648
676121918416756736,2125,1140
676101918813499392,2775,1144
676098748976615425,2950,1397
676089483918516224,1288,427
675898130735476737,1586,561
675891555769696257,2091,835
675888385639251968,2336,936
675878199931371520,4101,1372
675870721063669760,1598,551
675853064436391936,2646,1264
675849018447167488,926,141
675845657354215424,2231,859
675822767435051008,1490,523
675820929667219457,1031,230
675798442703122432,10053,3337
675781562965868544,1599,457
675740360753160193,1146,334
675710890956750848,1852,796
675707330206547968,1937,667
675706639471788032,629,93
675534494439489536,1781,403
675531475945709568,1158,371
675522403582218240,1017,282
675517828909424640,1260,454
675501075957489664,16798,5691
675497103322386432,3079,1260
675489971617296384,1268,582
675483430902214656,1807,955
675432746517426176,1489,553
675372240448454658,1652,503
675362609739206656,1023,226
675354435921575936,31813,16382
675349384339542016,3826,2211
675334060156301312,2703,1251
675166823650848770,3504,1548
675153376133427200,6113,2513
675149409102012420,3658,1637
675147105808306176,919,228
675146535592706048,1154,288
675145476954566656,2085,870
675135153782571009,1272,470
675113801096802304,1907,764
675111688094527488,941,245
675109292475830276,2726,1103
675047298674663426,1037,316
675015141583413248,2639,1155
675006312288268288,962,217
675003128568291329,1524,454
674999807681908736,2188,1074
674805413498527744,840,344
674800520222154752,2941,829
674793399141146624,2450,1062
674790488185167872,1075,242
674788554665512960,796,203
674781762103414784,1955,1158
674774481756377088,1085,454
674767892831932416,1783,758
674764817387900928,774,230
674754018082705410,1332,431
674752233200820224,1427,449
674743008475090944,1360,533
674742531037511680,474,49
674739953134403584,1070,375
674737130913071104,630,85
674690135443775488,1117,458
674670581682434048,1567,630
674664755118911488,892,245
674646392044941312,1398,478
674644256330530816,1005,262
674638615994089473,1641,561
674632714662858753,1462,555
674606911342424069,919,95
674468880899788800,6060,1971
674447403907457024,1033,346
674436901579923456,1088,378
674422304705744896,1397,526
674416750885273600,669,133
674410619106390016,1166,448
674394782723014656,1471,554
674372068062928900,830,305
674330906434379776,547,72
674318007229923329,1373,505
674307341513269249,11033,6744
674291837063053312,14306,5669
674271431610523648,1524,710
674269164442398721,886,223
674265582246694913,1598,817
674262580978937856,1272,438
674255168825880576,1428,526
674082852460433408,739,163
674075285688614912,963,274
674063288070742018,6193,2126
674053186244734976,3202,1249
674051556661161984,1407,472
674045139690631169,1370,619
674042553264685056,701,122
674038233588723717,1072,402
674036086168010753,830,202
674024893172875264,1722,1181
674019345211760640,1095,292
674014384960745472,1513,611
674008982932058114,1160,339
673956914389192708,1899,922
673919437611909120,1134,360
673906403526995968,3087,1575
673887867907739649,907,245
673716320723169284,2996,722
673715861853720576,3433,1988
673711475735838725,1006,291
673709992831262724,811,263
673708611235921920,1043,275
673707060090052608,1065,378
673705679337693185,1220,394
673700254269775872,1385,546
673697980713705472,3851,1897
673689733134946305,1687,622
673688752737402881,1224,476
673686845050527744,1397,418
673680198160809984,1328,448
673662677122719744,1218,355
673656262056419329,699,229
673636718965334016,1072,347
673612854080196609,1557,695
673583129559498752,1157,346
673580926094458881,808,264
673576835670777856,1345,545
673363615379013632,994,292
673359818736984064,1408,650
673355879178194945,1456,554
673352124999274496,1612,520
673350198937153538,728,202
673345638550134785,2429,1215
673343217010679808,940,260
673342308415348736,1232,556
673320132811366400,13032,7600
673317986296586240,852,245
673295268553605120,7268,3061
673270968295534593,1037,348
673240798075449344,1384,698
673213039743795200,2177,815
673148804208660480,1639,606
672997845381865473,1900,688
672995267319328768,919,277
672988786805112832,958,280
672984142909456390,1218,523
672980819271634944,1763,975
672975131468300288,1625,871
672970152493887488,921,342
672968025906282496,1283,522
672964561327235073,1379,619
672902681409806336,1324,479
672898206762672129,878,408
672884426393653248,1500,809
672877615439593473,997,341
672834301050937345,1276,543
672828477930868736,1217,472
672640509974827008,948,303
672622327801233409,1249,467
672614745925664768,1188,556
672609152938721280,1078,375
672604026190569472,1082,384
672594978741354496,1294,590
672591762242805761,924,325
672591271085670400,701,177
672538107540070400,999,350
672523490734551040,612,161
672488522314567680,1072,417
672482722825261057,1092,573
672481316919734272,698,123
672475084225949696,1398,676
672466075045466113,1309,512
672272411274932228,6235,3235
672267570918129665,1447,590
672264251789176834,1098,324
672256522047614977,2727,1477
672254177670729728,1389,711
672248013293752320,1683,579
672245253877968896,663,148
672239279297454080,866,311
672231046314901505,1773,968
672222792075620352,757,204
672205392827572224,2188,1111
672169685991993344,989,353
672160042234327040,844,343
672139350159835138,1689,666
672125275208069120,2308,1099
672095186491711488,972,357
672082170312290304,909,352
672068090318987265,1250,498
671896809300709376,8224,4016
671891728106971137,1277,558
671882082306625538,3345,1339
671879137494245376,1366,640
671874878652489728,1211,529
671866342182637568,1083,473
671855973984772097,871,418
671789708968640512,6824,3340
671768281401958400,1151,481
671763349865160704,1618,873
671744970634719232,1307,732
671743150407421952,727,228
671735591348891648,1392,727
671729906628341761,8214,4184
671561002136281088,12360,6964
671550332464455680,878,201
671547767500775424,1299,570
671544874165002241,1898,1010
671542985629241344,1055,542
671538301157904385,905,374
671536543010570240,1134,389
671533943490011136,987,555
671528761649688577,815,248
671520732782923777,1347,510
671518598289059840,916,284
671511350426865664,1545,678
671504605491109889,6756,3417
671497587707535361,887,429
671488513339211776,968,457
671486386088865792,562,188
671485057807351808,737,225
671390180817915904,1399,718
671362598324076544,1067,286
671357843010908160,387,147
671355857343524864,471,114
671347597085433856,925,414
671186162933985280,710,202
671182547775299584,1083,323
671166507850801152,848,331
671163268581498880,1597,1053
671159727754231808,359,78
671154572044468225,685,209
671151324042559489,645,147
671147085991960577,648,204
671141549288370177,1113,630
671138694582165504,892,386
671134062904504320,721,185
671122204919246848,3379,2422
671115716440031232,1322,746
671109016219725825,1106,419
670995969505435648,1075,283
670842764863651840,23821,8354
670840546554966016,567,187
670838202509447168,1076,667
670833812859932673,426,118
670832455012716544,710,208
670826280409919488,5331,3904
670823764196741120,750,180
670822709593571328,587,91
670815497391357952,3064,1480
670811965569282048,1089,260
670807719151067136,1124,471
670804601705242624,1894,917
670803562457407488,332,84
670797304698376195,712,229
670792680469889025,799,264
670789397210615808,641,225
670786190031921152,581,195
670783437142401025,801,372
670782429121134593,1504,737
670780561024270336,766,279
670778058496974848,317,71
670764103623966721,1040,403
670755717859713024,427,106
670733412878163972,928,494
670727704916926465,801,343
670717338665226240,1158,467
670704688707301377,750,357
670691627984359425,575,231
670679630144274432,728,272
670676092097810432,241,40
670668383499735048,10309,4815
670474236058800128,1460,711
670468609693655041,347,84
670465786746662913,940,525
670452855871037440,531,195
670449342516494336,1159,627
670444955656130560,6501,1906
670442337873600512,627,191
670435821946826752,1020,494
670434127938719744,1359,620
670433248821026816,319,106
670428280563085312,1335,594
670427002554466305,508,154
670421925039075328,1263,606
670420569653809152,602,302
670417414769758208,552,309
670411370698022913,1949,852
670408998013820928,536,211
670403879788544000,410,145
670385711116361728,546,195
670374371102445568,724,259
670361874861563904,320,63
670338931251150849,416,103
670319130621435904,3757,1167
670303360680108032,418,126
670290420111441920,676,270
670093938074779648,993,317
670086499208155136,674,244
670079681849372674,2149,1175
670073503555706880,1517,757
670069087419133954,603,226
670061506722140161,736,319
670055038660800512,646,316
670046952931721218,625,165
670040295598354432,729,106
670037189829525505,575,261
670003130994700288,319,87
669993076832759809,314,81
669972011175813120,428,149
669970042633789440,293,55
669942763794931712,489,154
669926384437997569,364,94
669923323644657664,227,53
669753178989142016,783,377
669749430875258880,254,63
669684865554620416,495,87
669683899023405056,377,105
669682095984410625,344,129
669680153564442624,647,271
669661792646373376,784,413
669625907762618368,3409,1742
669603084620980224,914,347
669597912108789760,501,145
669583744538451968,1442,888
669573570759163904,424,134
669571471778410496,1543,977
669567591774625800,228,53
669564461267722241,375,118
669393256313184256,349,71
669375718304980992,1282,700
669371483794317312,475,170
669367896104181761,444,145
669363888236994561,600,219
669359674819481600,358,116
669354382627049472,2608,1232
669353438988365824,605,251
669351434509529089,420,173
669328503091937280,983,400
669327207240699904,554,114
669324657376567296,483,200
669216679721873412,1154,392
669214165781868544,425,154
669203728096960512,973,456
669037058363662336,631,299
669015743032369152,719,360
669006782128353280,559,238
669000397445533696,20186,6113
668994913074286592,425,218
668992363537309700,722,327
668989615043424256,655,318
668988183816871936,875,445
668986018524233728,535,158
668981893510119424,520,290
668979806671884288,770,334
668975677807423489,1257,556
668967877119254528,140,21
668960084974809088,681,231
668955713004314625,267,68
668932921458302977,254,55
668902994700836864,308,97
668892474547511297,386,144
668872652652679168,510,289
668852170888998912,437,153
668826086256599040,422,129
668815180734689280,544,255
668779399630725120,681,353
668655139528511488,505,210
668645506898350081,848,510
668643542311546881,848,507
668641109086707712,1035,524
668636665813057536,1008,476
668633411083464705,2698,1552
668631377374486528,687,304
668627278264475648,307,109
668625577880875008,371,123
668623201287675904,1370,724
668620235289837568,192,38
668614819948453888,596,306
668587383441514497,1609,1028
668567822092664832,235,50
668544745690562560,495,215
668542336805281792,436,204
668537837512433665,245,68
668528771708952576,446,213
668507509523615744,312,101
668496999348633600,394,126
668484198282485761,413,225
668480044826800133,442,142
668466899341221888,858,493
668297328638447616,603,285
668291999406125056,234,29
668286279830867968,484,131
668274247790391296,794,224
668268907921326080,537,227
668256321989451776,1249,576
668248472370458624,941,463
668237644992782336,5971,2720
668226093875376128,288,97
668221241640230912,496,187
668204964695683073,538,187
668190681446379520,625,191
668171859951755264,467,185
668154635664932864,479,296
668142349051129856,557,270
668113020489474048,645,225
667937095915278337,1211,761
667924896115245057,285,108
667915453470232577,199,54
667911425562669056,473,284
667902449697558528,825,362
667886921285246976,1797,1030
667885044254572545,791,452
667878741721415682,379,113
667873844930215936,604,386
667866724293877760,2916,985
667861340749471744,234,74
667832474953625600,287,60
667806454573760512,1015,469
667801013445750784,317,93
667793409583771648,678,315
667782464991965184,400,236
667773195014021121,226,52
667766675769573376,421,204
667728196545200128,365,143
667724302356258817,462,306
667550904950915073,0,33
667550882905632768,0,32
667549055577362432,5547,2161
667546741521195010,327,116
667544320556335104,827,501
667538891197542400,196,62
667534815156183040,786,498
667530908589760512,445,227
667524857454854144,1625,1068
667517642048163840,353,182
667509364010450944,6520,2026
667502640335572993,520,212
667495797102141441,502,254
667491009379606528,511,213
667470559035432960,245,90
667455448082227200,183,56
667453023279554560,298,85
667443425659232256,751,550
667437278097252352,433,225
667435689202614272,296,82
667405339315146752,447,213
667393430834667520,187,52
667369227918143488,351,154
667211855547486208,466,229
667200525029539841,592,249
667192066997374976,366,95
667188689915760640,716,381
667182792070062081,13708,5873
667177989038297088,184,51
667176164155375616,583,436
667174963120574464,233,74
667171260800061440,212,80
667165590075940865,2575,1075
667160273090932737,248,60
667152164079423490,45675,16111
667138269671505920,4382,2083
667119796878725120,318,123
667090893657276420,318,118
667073648344346624,379,113
667070482143944705,81,14
667065535570550784,161,42
667062181243039745,209,49
667044094246576128,176,47
667012601033924608,427,211
666996132027977728,232,84
666983947667116034,2447,929
666837028449972224,767,528
666835007768551424,202,77
666826780179869698,242,88
666817836334096384,491,237
666804364988780544,221,85
666786068205871104,718,463
666781792255496192,367,181
666776908487630848,331,163
666739327293083650,222,62
666701168228331520,408,206
666691418707132416,176,45
666649482315059201,1067,584
666644823164719104,221,76
666454714377183233,491,200
666447344410484738,98,18
666437273139982337,117,42
666435652385423360,158,48
666430724426358785,301,178
666428276349472768,155,78
666421158376562688,301,107
666418789513326592,115,42
666411507551481857,410,301
666407126856765440,100,32
666396247373291520,159,76
666373753744588802,174,85
666362758909284353,727,521
666353288456101888,199,66
666345417576210432,274,128
666337882303524864,182,84
666293911632134144,469,321
666287406224695296,138,62
666273097616637952,161,73
666268910803644416,95,32
666104133288665088,13691,6004
666102155909144576,72,11
666099513787052032,142,60
666094000022159362,153,67
666082916733198337,103,41
666073100786774016,297,147
666071193221509120,136,53
666063827256086533,445,198
666058600524156928,105,54
666057090499244032,270,127
666055525042405380,409,221
666051853826850816,1127,778
666050758794694657,124,51
666049248165822465,96,40
666044226329800704,272,132
666033412701032449,112,41
666029285002620928,121,42
666020888022790149,2422,463
